一等奖,F-310-1-01,张建民
一等奖,F-310-1-01,张嘎
一等奖,F-310-1-01,胡黎明
一等奖,F-310-1-01,侯文峻
一等奖,F-310-1-01,冯大阔
一等奖,F-310-1-01,张雷
二等奖,F-30802-2-03,李克强
二等奖,F-30802-2-03,王建强
二等奖,F-30802-2-03,罗禹贡
二等奖,F-30802-2-03,李升波
二等奖,F-30802-2-03,郑四发
二等奖,F-30802-2-03,杨殿阁
二等奖,F-30901-2-02,吴建平
二等奖,F-30901-2-02,崔勇
二等奖,F-30901-2-02,李星
二等奖,F-30901-2-02,徐明伟
二等奖,F-310-2-02,付林
二等奖,F-310-2-02,李岩
二等奖,F-304-2-02,岳东北
二等奖,F-304-2-02,聂永丰
二等奖,F-30902-2-05,罗毅
二等奖,F-30902-2-05,钱可元
二等奖,F-30902-2-05,韩彦军
二等奖,F-30902-2-05,李洪涛
二等奖,F-310-2-04,魏亚
二等奖,F-304-2-01,李俊华
二等奖,F-304-2-01,郝吉明
二等奖,F-30901-2-04,郑纬民
二等奖,F-30901-2-04,武永卫
二等奖,F-30901-2-04,舒继武
二等奖,F-30901-2-04,余宏亮
二等奖,F-30901-2-04,陈康
二等奖,F-30901-2-04,姜进磊
二等奖,F-30902-2-02,魏少军
二等奖,F-30902-2-02,刘雷波
二等奖,F-30902-2-02,尹首一
二等奖,F-30901-2-04,陆建华
二等奖,F-30901-2-04,陶晓明
二等奖,F-30901-2-04,冯伟
二等奖,F-30902-2-01,徐恪
二等奖,F-30902-2-01,尹霞
二等奖,F-30902-2-01,吴建平
二等奖,F-30902-2-01,赵有健
二等奖,F-304-2-04,金峰
二等奖,F-304-2-04,安雪晖
二等奖,F-304-2-04,周虎
二等奖,F-304-2-04,刘宁
二等奖,F-30701-2-02,黄正宏
二等奖,F-30802-2-01,董新洲
二等奖,F-30802-2-01,施慎行
二等奖,F-30802-2-01,王宾
二等奖,F-30802-2-03,闵勇
二等奖,F-30802-2-03,陆超
二等奖,F-30802-2-03,陈磊
二等奖,F-30802-2-03,韩英铎
二等奖,F-30802-2-03,徐飞
二等奖,F-30701-2-02,康飞宇
二等奖,F-30701-2-02,李宝华
二等奖,F-30701-2-02,贺艳兵
二等奖,F-30701-2-02,吕伟
二等奖,Z-102-2-03,龙桂鲁
二等奖,Z-102-2-03,李岩松
二等奖,Z-102-2-03,王川
二等奖,Z-105-2-05,潘光锦
二等奖,Z-109-2-03,陆新征
二等奖,Z-109-2-03,叶列平
二等奖,Z-109-2-04,刘辛军
二等奖,Z-109-2-07,龙驭球
二等奖,Z-109-2-07,岑松
二等奖,Z-109-2-07,陈晓明
一等奖,Z-10701-1-01,张尧学
一等奖,Z-10701-1-01,周悦芝
一等奖,Z-10701-1-01,林闯
一等奖,Z-10701-1-01,任丰原
二等奖,Z-102-2-03,段文晖
二等奖,Z-102-2-03,顾秉林
二等奖,Z-102-2-03,吴健
二等奖,Z-102-2-03,周刚
二等奖,Z-10701-2-01,王凌
二等奖,Z-109-2-02,姜培学
二等奖,Z-109-2-02,王补宣
二等奖,Z-109-2-02,胥蕊娜
二等奖,Z-109-2-02,周乐平
二等奖,Z-109-2-02,任泽霈
二等奖,Z-103-2-04,李景虹
二等奖,Z-103-2-04,王颖
二等奖,Z-103-2-04,刘洋
二等奖,Z-103-2-04,陈达
二等奖,Z-103-2-04,唐龙华
二等奖,Z-107-2-05,胡事民
二等奖,Z-107-2-05,艾海舟
二等奖,Z-107-2-05,徐昆
二等奖,Z-107-2-05,陈韬
二等奖,Z-102-2-01,程建平
二等奖,Z-103-2-06,石高全
二等奖,Z-103-2-06,徐宇曦
二等奖,Z-103-2-06,李春
二等奖,Z-103-2-06,白华
二等奖,Z-103-2-06,吴穹
二等奖,Z-108-2-01,周济
二等奖,Z-108-2-01,赵乾
二等奖,Z-108-2-01,李勃
二等奖,Z-108-2-01,孙竞博
二等奖,Z-108-2-01,宗瑞隆
二等奖,Z-109-2-04,李晓炜
二等奖,Z-104-2-04,余刚
二等奖,Z-104-2-04,黄俊
二等奖,Z-104-2-04,邓述波
二等奖,Z-104-2-04,王斌
二等奖,Z-104-2-04,杨波
二等奖,Z-105-2-02,柴继杰
二等奖,Z-105-2-02,韩志富
二等奖,Z-110-2-02,郑泉水
二等奖,Z-110-2-02,刘哲
二等奖,Z-110-2-02,徐志平
二等奖,Z-110-2-02,刘泽
二等奖,Z-110-2-02,刘益伦
创新团队,J-207-1-02,康克军
创新团队,J-207-1-02,陈志强
创新团队,J-207-1-02,唐传祥
创新团队,J-207-1-02,李元景
创新团队,J-207-1-02,刘以农
创新团队,J-207-1-02,李荐民
创新团队,J-207-1-02,李君利
创新团队,J-207-1-02,黄文会
创新团队,J-207-1-02,张丽
创新团队,J-207-1-02,李玉兰
创新团队,J-207-1-02,王学武
创新团队,J-207-1-02,赵自然
二等奖,J-214-2-01,张继文
二等奖,J-214-2-01,冯鹏
二等奖,J-214-2-01,叶列平
二等奖,J-214-2-01,陆新征
二等奖,J-217-2-04,张扬军
二等奖,J-217-2-04,郑新前
二等奖,J-217-2-02,刘树红
二等奖,J-223-2-02,季学武
二等奖,J-223-2-02,刘亚辉
二等奖,J-231-2-04,林宏
二等奖,J-231-2-04,宋蔷
二等奖,J-234-2-06,姜海
二等奖,J-234-2-06,梁琼麟
二等奖,J-210-2-03,李勇
二等奖,J-216-2-01,吴任东
二等奖,J-216-2-01,张磊
二等奖,J-216-2-01,林峰
二等奖,J-217-2-01,王剑
二等奖,J-220-2-03,刘洋
二等奖,J-220-2-06,史元春
二等奖,J-220-2-06,陈渝
二等奖,J-223-2-03,魏亚
二等奖,J-223-2-04,王建强
二等奖,J-230-2-02,李路明
二等奖,J-231-2-02,贺克斌
二等奖,J-231-2-02,王书肖
二等奖,J-231-2-02,张强
二等奖,J-231-2-02,吴烨
二等奖,J-231-2-02,蒋靖坤
二等奖,J-23302-2-02,吴昊
二等奖,J-23302-2-02,王哲
二等奖,J-236-2-01,陈强
特等奖,J-236-0-01,李星
特等奖,J-236-0-01,周世东
特等奖,J-236-0-01,熊兵
一等奖,J-236-1-01,宋健
一等奖,J-236-1-01,王劲涛
一等奖,J-236-1-01,张超
一等奖,J-236-1-01,王军
一等奖,J-236-1-01,王昭诚
一等奖,J-236-1-01,张彧
二等奖,J-213-2-01,邱彤
二等奖,J-215-2-01,曾攀
二等奖,J-21702-2-04,张涛
二等奖,J-21702-2-04,刘平
二等奖,J-220-2-01,王好谦
二等奖,J-220-2-01,索津莉
二等奖,J-220-2-01,张永兵
二等奖,J-220-2-01,金欣
二等奖,J-221-2-02,王涛
二等奖,J-221-2-02,潘鹏
二等奖,J-221-2-02,聂鑫
二等奖,J-221-2-02,陶慕轩
二等奖,J-221-2-02,纪晓东
二等奖,J-231-2-01,李金惠
二等奖,J-231-2-01,温宗国
二等奖,J-231-2-01,金宜英
二等奖,J-231-2-01,吴静
二等奖,J-234-2-03,李平
二等奖,J-234-2-03,梁琼麟
特等奖,J-21702-0-01,王健
特等奖,J-21701-1-01,吕俊复
一等奖,J-21701-1-01,杨海瑞
一等奖,J-21701-1-01,岳光溪
二等奖,J-22101-2-03,刘晶波
二等奖,J-222-2-02,黄磊
二等奖,J-231-2-01,李广贺
二等奖,J-231-2-01,何亮
二等奖,J-231-2-03,黄霞
二等奖,J-231-2-03,文湘华
二等奖,J-231-2-03,梁鹏
二等奖,J-231-2-03,薛涛
